index_label,Mean (%),t-stat,SR,CAPM α,t(α CAPM),FF3 α,t(α FF3),FF5 α,t(α FF5)
"FM
W=36",0.6167244392539151,0.6692305605754222,0.2705754326400993,0.5624323548710062,0.6732254477620788,0.8866384291236604,0.9848237220209528,0.9272258044836662,1.0215508972703682
"PCA
W=12",-1.0749927814069993,-1.6072974091779966,-0.4531737860771819,-1.122241110469993,-1.6602999485322192,-0.9770683180754806,-1.4262996223602566,-0.9440180739878857,-1.3953779262154884
"FC
W=36",-0.8904284208746727,-1.1070341145663805,-0.3601442049439911,-0.9123010494557274,-1.1627690080282953,-0.8744091468762776,-1.076525762112086,-0.9594229808397698,-1.0882549210952406
"PLS
W=36",1.933777157918125,2.2015122385102273,0.7993639630634064,1.912470526887411,2.2234877529921393,1.9218449436453073,2.067586755050729,1.9405829368503547,1.954246503021764
