Model,Window,Weight,Mean (%),t-stat,SR,CAPM α (%),t(CAPM α),FF3 α (%),t(FF3 α),FF5 α (%),t(FF5 α)
FM,36,EW,0.616724507320911,0.6692305378106975,0.2705754504860101,0.5624324598126883,0.6732254580220965,0.886638809971074,0.9848240385498722,0.9272261170244305,1.02155110357897
FM,36,VW,-0.14337205078391133,-0.1924808126475385,-0.06431364486169833,-0.1821145074978524,-0.2581724879345546,-0.19156925065710437,-0.2755930772002895,-0.12844004560005617,-0.17655136183452497
PCA,12,EW,-1.074991808852283,-1.6072958451398984,-0.4531734062764586,-1.122240221475381,-1.660298504955965,-0.9770674750613032,-1.4262982225316592,-0.9440172725701527,-1.3953766628003996
PCA,12,VW,-1.155467833646305,-1.5514703517488055,-0.4486735470140186,-1.181688514614529,-1.5600104905707366,-0.8372457176675889,-0.982524072895548,-0.7963779981053407,-0.9327463968885897
FC,36,EW,-0.8904289054272565,-1.1070345276471236,-0.36014446051659116,-0.9123014948709155,-1.1627693825466718,-0.8744093162871212,-1.0765257497544636,-0.9594229370699221,-1.088254629874194
FC,36,VW,-2.0089573663576887,-2.4354102913181266,-0.6940344534272022,-2.0564624393046538,-2.4763294793063784,-2.0150821991533325,-2.1522453998801194,-2.1672693586483125,-2.311569757913615
PLS,36,EW,1.9337766638535232,2.2015111296844956,0.7993638716985122,1.912470031060776,2.223486673678564,1.921844793116804,2.067586274557862,1.9405829256094993,1.9542461202474977
PLS,36,VW,1.259170396016419,0.9221340079460091,0.4457864815123191,1.2112013687922096,0.9082523909934163,1.4893367999364926,1.0276133641170928,1.4118833061541147,0.9229053878320348
