Model,Window,Weight,Mean (%),t-stat,SR,CAPM α (%),t(CAPM α),FF3 α (%),t(FF3 α),FF5 α (%),t(FF5 α)
FM,36,EW,1.0239088248545425,1.1246215534673554,0.4227583542292318,1.0801297974962525,1.2864208964467165,1.9313102685396284,2.158511497158071,1.8464520916263292,1.8343599956135614
FM,36,VW,0.5653997111011739,0.7225863400363325,0.23174711132048662,0.6080791821296527,0.783198812914486,1.1322697338345737,1.3243240843563202,0.8632194183195984,0.9291954091860459
PCA,12,EW,-2.297381123862835,-2.18446715002841,-0.9296772890517887,-2.301752641490041,-2.195521161192523,-1.5948531068872334,-1.733923084084934,-1.6370680961691062,-1.7590957531148443
PCA,12,VW,-2.728613263518518,-2.1574187465444847,-0.8899927869698165,-2.7186745327957658,-2.110479867213039,-1.7690029384773087,-1.4684328079502678,-1.732992005431592,-1.3581880595932638
FC,36,EW,-0.7040163802117597,-0.6385403997921905,-0.27788368638214983,-0.6901450290952634,-0.6282543764313228,-0.7659936921340156,-0.5740280209132221,-0.7876882858917005,-0.6004362455269948
FC,36,VW,-1.1529685949037318,-0.8966169522793961,-0.35823692634444826,-1.120944219124758,-0.8515921881288072,-0.9790711619375839,-0.6242483444622697,-1.1098398211687206,-0.6947190715887473
PLS,36,EW,1.7307303206747136,1.526081709144904,0.6721377921442829,1.7433000630172855,1.6671521099630786,2.287025159065999,1.7122421632254716,2.1593589871848984,1.653867336746254
PLS,36,VW,2.78798183316501,2.13008871192821,0.9600994877936245,2.8015830957646206,2.3527598669037464,3.0971608727699182,2.26931040653042,2.995677804457387,2.1487882078475917
