index_label,Mean (%),t-stat,SR,CAPM α,t(α CAPM),FF3 α,t(α FF3),FF5 α,t(α FF5)
"FM
W=36",1.0239088248545425,1.1246215534673554,0.4227583542292318,1.0801297974962525,1.2864208964467165,1.9313102685396284,2.158511497158071,1.8464520916263292,1.8343599956135614
"PCA
W=12",-2.297381123862835,-2.18446715002841,-0.9296772890517887,-2.301752641490041,-2.195521161192523,-1.5948531068872334,-1.733923084084934,-1.6370680961691062,-1.7590957531148443
"FC
W=36",-0.7040163802117597,-0.6385403997921905,-0.27788368638214983,-0.6901450290952634,-0.6282543764313228,-0.7659936921340156,-0.5740280209132221,-0.7876882858917005,-0.6004362455269948
"PLS
W=36",1.7307303206747136,1.526081709144904,0.6721377921442829,1.7433000630172855,1.6671521099630786,2.287025159065999,1.7122421632254716,2.1593589871848984,1.653867336746254
